images_name,tags
train_0,hawkey820to1320
train_1,hawkey820to1320
train_2,hawkey820to1320
train_3,hawkey820to1320
train_4,hawkey820to1320
train_5,hawkey820to1320
train_6,hawkey820to1320
train_7,hawkey820to1320
train_8,hawkey820to1320
train_9,hawkey820to1320
train_10,hawkey820to1320
train_11,hawkey820to1320
train_12,hawkey820to1320
train_13,hawkey820to1320
train_14,hawkey820to1320
train_15,hawkey820to1320
train_16,hawkey820to1320
train_17,hawkey820to1320
train_18,hawkey820to1320
train_19,hawkey820to1320
train_20,hawkey820to1320
train_21,hawkey820to1320
train_22,hawkey820to1320
train_23,hawkey820to1320
train_24,hawkey820to1320
train_25,hawkey820to1320
train_26,hawkey820to1320
train_27,hawkey820to1320
train_28,hawkey820to1320
train_29,hawkey820to1320
train_30,hawkey820to1320
train_31,hawkey820to1320
train_32,hawkey820to1320
train_33,hawkey820to1320
train_34,hawkey820to1320
train_35,hawkey820to1320
train_36,hawkey820to1320
train_37,hawkey820to1320
train_38,hawkey820to1320
train_39,hawkey820to1320
train_40,hawkey820to1320
train_41,hawkey820to1320
train_42,hawkey820to1320
train_43,hawkey820to1320
train_44,hawkey820to1320
train_45,hawkey820to1320
train_46,hawkey820to1320
train_47,hawkey820to1320
train_48,hawkey1320to1800
train_49,hawkey1320to1800
train_50,hawkey1320to1800
train_51,hawkey1320to1800
train_52,hawkey1320to1800
train_53,hawkey1320to1800
train_54,hawkey1320to1800
train_55,hawkey1320to1800
train_56,hawkey1320to1800
train_57,hawkey1320to1800
train_58,hawkey1320to1800
train_59,hawkey1320to1800
train_60,hawkey1320to1800
train_61,hawkey1320to1800
train_62,hawkey1320to1800
train_63,hawkey1320to1800
train_64,hawkey1320to1800
train_65,hawkey1320to1800
train_66,hawkey1320to1800
train_67,hawkey1320to1800
train_68,hawkey1320to1800
train_69,hawkey1320to1800
train_70,hawkey1320to1800
train_71,hawkey1320to1800
train_72,hawkey1320to1800
train_73,hawkey1320to1800
train_74,hawkey1320to1800
train_75,hawkey1320to1800
train_76,hawkey1320to1800
train_77,hawkey1320to1800
train_78,hawkey1320to1800
train_79,hawkey1320to1800
train_80,hawkey1320to1800
train_81,hawkey1320to1800
train_82,hawkey1320to1800
train_83,hawkey1320to1800
train_84,hawkey1320to1800
train_85,hawkey1320to1800
train_86,hawkey1320to1800
train_87,hawkey1320to1800
train_88,hawkey1320to1800
train_89,hawkey1320to1800
train_90,hawkey1320to1800
train_91,hawkey1320to1800
train_92,hawkey1320to1800
train_93,hawkey1320to1800
train_94,hawkey1800to2300
train_95,hawkey1800to2300
train_96,hawkey1800to2300
train_97,hawkey1800to2300
train_98,hawkey1800to2300
train_99,hawkey1800to2300
train_100,hawkey1800to2300
train_101,hawkey1800to2300
train_102,hawkey1800to2300
train_103,hawkey1800to2300
train_104,hawkey1800to2300
train_105,hawkey1800to2300
train_106,hawkey1800to2300
train_107,hawkey1800to2300
train_108,hawkey1800to2300
train_109,hawkey1800to2300
train_110,hawkey1800to2300
train_111,hawkey1800to2300
train_112,hawkey1800to2300
train_113,hawkey1800to2300
train_114,hawkey1800to2300
train_115,hawkey1800to2300
train_116,hawkey1800to2300
train_117,hawkey1800to2300
train_118,hawkey1800to2300
train_119,hawkey1800to2300
train_120,hawkey1800to2300
train_121,hawkey1800to2300
train_122,hawkey1800to2300
train_123,hawkey1800to2300
train_124,hawkey1800to2300
train_125,hawkey1800to2300
train_126,hawkey1800to2300
train_127,hawkey1800to2300
train_128,hawkey1800to2300
train_129,hawkey1800to2300
train_130,hawkey1800to2300
train_131,hawkey1800to2300
train_132,hawkey1800to2300
train_133,hawkey1800to2300
train_134,tawatawa760to1155
train_135,tawatawa760to1155
train_136,tawatawa760to1155
train_137,tawatawa760to1155
train_138,tawatawa760to1155
train_139,tawatawa760to1155
train_140,tawatawa760to1155
train_141,tawatawa760to1155
train_142,tawatawa760to1155
train_143,tawatawa760to1155
train_144,tawatawa760to1155
train_145,tawatawa760to1155
train_146,tawatawa760to1155
train_147,tawatawa760to1155
train_148,tawatawa760to1155
train_149,tawatawa760to1155
train_150,tawatawa760to1155
train_151,tawatawa760to1155
train_152,tawatawa760to1155
train_153,tawatawa760to1155
train_154,tawatawa760to1155
train_155,tawatawa760to1155
train_156,tawatawa760to1155
train_157,tawatawa760to1155
train_158,tawatawa760to1155
train_159,tawatawa760to1155
train_160,tawatawa760to1155
train_161,tawatawa760to1155
train_162,tawatawa760to1155
train_163,tawatawa760to1155
train_164,tawatawa760to1155
train_165,tawatawa760to1155
train_166,tawatawa760to1155
train_167,tawatawa760to1155
train_168,tawatawa760to1155
train_169,tawatawa760to1155
train_170,tawatawa760to1155
train_171,tawatawa760to1155
train_172,tawatawa760to1155
train_173,tawatawa760to1155
train_174,tawatawa760to1155
train_175,tawatawa760to1155
train_176,tawatawa760to1155
train_177,tawatawa760to1155
train_178,tawatawa1160to1570
train_179,tawatawa1160to1570
train_180,tawatawa1160to1570
train_181,tawatawa1160to1570
train_182,tawatawa1160to1570
train_183,tawatawa1160to1570
train_184,tawatawa1160to1570
train_185,tawatawa1160to1570
train_186,tawatawa1160to1570
train_187,tawatawa1160to1570
train_188,tawatawa1160to1570
train_189,tawatawa1160to1570
train_190,tawatawa1160to1570
train_191,tawatawa1160to1570
train_192,tawatawa1160to1570
train_193,tawatawa1160to1570
train_194,tawatawa1160to1570
train_195,tawatawa1160to1570
train_196,tawatawa1160to1570
train_197,tawatawa1160to1570
train_198,tawatawa1160to1570
train_199,tawatawa1160to1570
train_200,tawatawa1160to1570
train_201,tawatawa1160to1570
train_202,tawatawa1160to1570
train_203,tawatawa1160to1570
train_204,tawatawa1160to1570
train_205,tawatawa1160to1570
train_206,tawatawa1160to1570
train_207,tawatawa1160to1570
train_208,tawatawa1160to1570
train_209,tawatawa1160to1570
train_210,tawatawa1160to1570
train_211,tawatawa1160to1570
train_212,tawatawa1160to1570
train_213,tawatawa1160to1570
train_214,tawatawa1160to1570
train_215,tawatawa1160to1570
train_216,tawatawa1160to1570
train_217,tawatawa1160to1570
train_218,tawatawa1160to1570
train_219,tawatawa1160to1570
train_220,tawatawa1160to1570
train_221,tawatawa1160to1570
train_222,tawatawa1160to1570
train_223,tawatawa1160to1570
train_224,tawatawa1160to1570
train_225,tawatawa1160to1570
train_226,tawatawa1160to1570
train_227,tawatawa1160to1570
train_228,tawatawa1160to1570
train_229,tawatawa1160to1570
train_230,waimaku152to1600
train_231,waimaku152to1600
train_232,waimaku152to1600
train_233,waimaku152to1600
train_234,waimaku152to1600
train_235,waimaku152to1600
train_236,waimaku152to1600
train_237,waimaku152to1600
train_238,waimaku152to1600
train_239,waimaku152to1600
train_240,waimaku152to1600
train_241,waimaku152to1600
train_242,waimaku152to1600
train_243,waimaku152to1600
train_244,waimaku152to1600
train_245,waimaku152to1600
train_246,waimaku152to1600
train_247,waimaku152to1600
train_248,waimaku152to1600
train_249,waimaku152to1600
train_250,waimaku152to1600
train_251,waimaku152to1600
train_252,waimaku152to1600
train_253,waimaku152to1600
train_254,waimaku152to1600
train_255,waimaku152to1600
train_256,waimaku152to1600
train_257,waimaku152to1600
train_258,waimaku152to1600
train_259,waimaku152to1600
train_260,waimaku152to1600
train_261,waimaku152to1600
train_262,waimaku152to1600
train_263,waimaku152to1600
train_264,waimaku152to1600
train_265,waimaku152to1600
train_266,waimaku152to1600
train_267,waimaku152to1600
train_268,waimaku152to1600
train_269,waimaku152to1600
train_270,waimaku152to1600
train_271,waimaku152to1600
train_272,waimaku152to1600
train_273,waimaku152to1600
train_274,waimaku152to1600
train_275,waimaku152to1600
train_276,waimaku152to1600
train_277,waimaku152to1600
train_278,waimaku152to1600
train_279,waimaku152to1600
train_280,waimaku152to1600
train_281,waimaku152to1600
train_282,waimaku152to1600
train_283,waimaku152to1600
train_284,waimaku152to1600
train_285,waimaku152to1600
train_286,waimaku152to1600
train_287,waimaku152to1600
train_288,waimaku152to1600
train_289,waimaku152to1600
train_290,waimaku152to1600
train_291,waimaku152to1600
train_292,waimaku152to1600
train_293,waimaku152to1600
train_294,waimaku152to1600
train_295,waimaku152to1600
train_296,waimaku152to1600
train_297,waimaku152to1600
train_298,waimaku152to1600
train_299,waimaku152to1600
train_300,waimaku152to1600
train_301,waimaku152to1600
train_302,waimaku152to1600
train_303,waimaku152to1600
train_304,waimaku152to1600
train_305,waimaku152to1600
train_306,waimaku152to1600
train_307,waimaku152to1600
train_308,waimaku152to1600
train_309,waimaku152to1600
train_310,waimaku152to1600
train_311,waimaku152to1600
train_312,waimaku152to1600
train_313,waimaku152to1600
train_314,waimaku152to1600
train_315,waimaku152to1600
train_316,waimaku152to1600
train_317,waimaku152to1600
train_318,waimaku152to1600
train_319,waimaku1600to3356
train_320,waimaku1600to3356
train_321,waimaku1600to3356
train_322,waimaku1600to3356
train_323,waimaku1600to3356
train_324,waimaku1600to3356
train_325,waimaku1600to3356
train_326,waimaku1600to3356
train_327,waimaku1600to3356
train_328,waimaku1600to3356
train_329,waimaku1600to3356
train_330,waimaku1600to3356
train_331,waimaku1600to3356
train_332,waimaku1600to3356
train_333,waimaku1600to3356
train_334,waimaku1600to3356
train_335,waimaku1600to3356
train_336,waimaku1600to3356
train_337,waimaku1600to3356
train_338,waimaku1600to3356
train_339,waimaku1600to3356
train_340,waimaku1600to3356
train_341,waimaku1600to3356
train_342,waimaku1600to3356
train_343,waimaku1600to3356
train_344,waimaku1600to3356
train_345,waimaku1600to3356
train_346,waimaku1600to3356
train_347,waimaku1600to3356
train_348,waimaku1600to3356
train_349,waimaku1600to3356
train_350,waimaku1600to3356
train_351,waimaku1600to3356
train_352,waimaku1600to3356
train_353,waimaku1600to3356
train_354,waimaku1600to3356
train_355,waimaku1600to3356
train_356,waimaku1600to3356
train_357,waimaku1600to3356
train_358,waimaku1600to3356
train_359,waimaku1600to3356
train_360,waimaku1600to3356
train_361,waimaku1600to3356
train_362,waimaku1600to3356
train_363,waimaku1600to3356
train_364,waimaku1600to3356
train_365,waimaku1600to3356
train_366,waimaku1600to3356
train_367,waimaku1600to3356
train_368,waimaku1600to3356
train_369,waimaku1600to3356
train_370,waimaku1600to3356
train_371,waimaku1600to3356
train_372,waimaku1600to3356
train_373,waimaku1600to3356
train_374,waimaku1600to3356
train_375,waimaku1600to3356
train_376,waimaku1600to3356
train_377,waimaku1600to3356
train_378,waimaku1600to3356
train_379,waimaku1600to3356
train_380,waimaku1600to3356
train_381,waimaku1600to3356
train_382,waimaku1600to3356
train_383,waimaku1600to3356
train_384,waimaku1600to3356
train_385,waimaku1600to3356
train_386,waimaku1600to3356
train_387,waimaku1600to3356
train_388,waimaku1600to3356
train_389,waimaku1600to3356
train_390,waimaku1600to3356
train_391,waimaku1600to3356
train_392,waimaku1600to3356
train_393,waimaku1600to3356
train_394,waimaku1600to3356
train_395,waimaku1600to3356
train_396,waimaku1600to3356
train_397,waimaku1600to3356
train_398,waimaku1600to3356
train_399,waimaku1600to3356
train_400,waimaku1600to3356
train_401,waimaku1600to3356
train_402,waimaku1600to3356
train_403,waimaku1600to3356
train_404,waimaku1600to3356
train_405,waimaku1600to3356
train_406,waimaku1600to3356
train_407,waimaku1600to3356
train_408,waimaku1600to3356
train_409,waimaku1600to3356
train_410,waimaku1600to3356
train_411,waimaku1600to3356
train_412,waimaku1600to3356
train_413,waimaku1600to3356
train_414,waimaku1600to3356
train_415,waimaku1600to3356
train_416,waimaku1600to3356
train_417,waimaku1600to3356
train_418,waimaku1600to3356
train_419,waimaku1600to3356
train_420,waimaku1600to3356
train_421,waimaku1600to3356
train_422,waimaku1600to3356
train_423,waimaku1600to3356
train_424,waimaku1600to3356
train_425,waimaku1600to3356
train_426,waimaku1600to3356
train_427,waimaku1600to3356
train_428,waimaku1600to3356
train_429,waimaku1600to3356
train_430,waimaku1600to3356
train_431,waimaku1600to3356
train_432,waimaku1600to3356
train_433,waimaku1600to3356
train_434,waimaku1600to3356
train_435,waimaku1600to3356
train_436,waimaku1600to3356
train_437,waimaku1600to3356
train_438,waimaku1600to3356
train_439,waimaku1600to3356
train_440,waimaku1600to3356
train_441,waimaku1600to3356
train_442,waimaku1600to3356
train_443,waimaku1600to3356
train_444,waimaku1600to3356
train_445,waimaku1600to3356
train_446,waimaku1600to3356
train_447,waimaku1600to3356
train_448,waimaku1600to3356
train_449,waimaku1600to3356
train_450,waimaku1600to3356
train_451,waimaku1600to3356
train_452,waimaku1600to3356
train_453,waimaku1600to3356
train_454,waimaku1600to3356
train_455,waimaku1600to3356
train_456,waimaku1600to3356
train_457,waimaku1600to3356
train_458,waimaku1600to3356
train_459,waimaku1600to3356
train_460,waimaku1600to3356
train_461,waimaku1600to3356
train_462,waimaku1600to3356
train_463,waimaku1600to3356
train_464,waimaku1600to3356
train_465,waimaku1600to3356
train_466,waimaku1600to3356
train_467,waimaku1600to3356
train_468,waimaku1600to3356
train_469,waimaku1600to3356
train_470,waimaku1600to3356
train_471,waimaku1600to3356
train_472,waimaku1600to3356
train_473,waimaku1600to3356
train_474,waimaku1600to3356
train_475,waimaku1600to3356
train_476,waimaku1600to3356
train_477,waimaku1600to3356
train_478,waimaku1600to3356
train_479,waimaku1600to3356
train_480,waimaku1600to3356
train_481,waimaku1600to3356
train_482,waimaku1600to3356
train_483,waimaku1600to3356
train_484,waimaku1600to3356
train_485,waimaku1600to3356
train_486,waimaku1600to3356
train_487,waimaku1600to3356
train_488,waimaku1600to3356
train_489,waimaku1600to3356
train_490,waimaku1600to3356
train_491,waimaku1600to3356
train_492,westcape1510to2900
train_493,westcape1510to2900
train_494,westcape1510to2900
train_495,westcape1510to2900
train_496,westcape1510to2900
train_497,westcape1510to2900
train_498,westcape1510to2900
train_499,westcape1510to2900
train_500,westcape1510to2900
train_501,westcape1510to2900
train_502,westcape1510to2900
train_503,westcape1510to2900
train_504,westcape1510to2900
train_505,westcape1510to2900
train_506,westcape1510to2900
train_507,westcape1510to2900
train_508,westcape1510to2900
train_509,westcape1510to2900
train_510,westcape1510to2900
train_511,westcape1510to2900
train_512,westcape1510to2900
train_513,westcape1510to2900
train_514,westcape1510to2900
train_515,westcape1510to2900
train_516,westcape1510to2900
train_517,westcape1510to2900
train_518,westcape1510to2900
train_519,westcape1510to2900
train_520,westcape1510to2900
train_521,westcape1510to2900
train_522,westcape1510to2900
train_523,westcape1510to2900
train_524,westcape1510to2900
train_525,westcape1510to2900
train_526,westcape1510to2900
train_527,westcape1510to2900
train_528,westcape1510to2900
train_529,westcape1510to2900
train_530,westcape1510to2900
train_531,westcape1510to2900
train_532,westcape1510to2900
train_533,westcape1510to2900
train_534,westcape1510to2900
train_535,westcape1510to2900
train_536,westcape1510to2900
train_537,westcape1510to2900
train_538,westcape1510to2900
train_539,westcape1510to2900
train_540,westcape1510to2900
train_541,westcape1510to2900
train_542,westcape1510to2900
train_543,westcape1510to2900
train_544,westcape1510to2900
train_545,westcape1510to2900
train_546,westcape1510to2900
train_547,westcape1510to2900
train_548,westcape1510to2900
train_549,westcape1510to2900
train_550,westcape1510to2900
train_551,westcape1510to2900
train_552,westcape1510to2900
train_553,westcape1510to2900
train_554,westcape1510to2900
train_555,westcape1510to2900
train_556,westcape1510to2900
train_557,westcape1510to2900
train_558,westcape1510to2900
train_559,westcape1510to2900
train_560,westcape1510to2900
train_561,westcape1510to2900
train_562,westcape1510to2900
train_563,westcape1510to2900
train_564,westcape1510to2900
train_565,westcape1510to2900
train_566,westcape1510to2900
train_567,westcape1510to2900
train_568,westcape1510to2900
train_569,westcape1510to2900
train_570,westcape1510to2900
train_571,westcape1510to2900
train_572,westcape1510to2900
train_573,westcape1510to2900
train_574,westcape1510to2900
train_575,westcape1510to2900
train_576,westcape1510to2900
train_577,westcape1510to2900
train_578,westcape1510to2900
train_579,westcape1510to2900
train_580,westcape1510to2900
train_581,westcape1510to2900
train_582,westcape1510to2900
train_583,westcape1510to2900
train_584,westcape1510to2900
train_585,westcape1510to2900
train_586,westcape1510to2900
train_587,westcape1510to2900
train_588,westcape1510to2900
train_589,westcape1510to2900
train_590,westcape1510to2900
train_591,westcape1510to2900
train_592,westcape1510to2900
train_593,westcape1510to2900
train_594,westcape1510to2900
train_595,westcape1510to2900
train_596,westcape1510to2900
train_597,westcape1510to2900
train_598,westcape1510to2900
train_599,westcape1510to2900
train_600,westcape1510to2900
train_601,westcape1510to2900
train_602,westcape1510to2900
train_603,westcape1510to2900
train_604,westcape1510to2900
train_605,westcape1510to2900
train_606,westcape1510to2900
train_607,westcape1510to2900
train_608,westcape1510to2900
train_609,westcape1510to2900
train_610,westcape1510to2900
train_611,westcape1510to2900
train_612,westcape1510to2900
train_613,westcape1510to2900
train_614,westcape1510to2900
train_615,westcape1510to2900
train_616,westcape1510to2900
train_617,westcape1510to2900
train_618,westcape1510to2900
train_619,westcape1510to2900
train_620,westcape1510to2900
train_621,westcape1510to2900
train_622,westcape1510to2900
train_623,westcape1510to2900
train_624,westcape1510to2900
train_625,westcape1510to2900
train_626,westcape1510to2900
train_627,westcape1510to2900
train_628,westcape1510to2900
train_629,westcape1510to2900
train_630,westcape1510to2900
train_631,westcape1510to2900
train_632,westcape2900to3680
train_633,westcape2900to3680
train_634,westcape2900to3680
train_635,westcape2900to3680
train_636,westcape2900to3680
train_637,westcape2900to3680
train_638,westcape2900to3680
train_639,westcape2900to3680
train_640,westcape2900to3680
train_641,westcape2900to3680
train_642,westcape2900to3680
train_643,westcape2900to3680
train_644,westcape2900to3680
train_645,westcape2900to3680
train_646,westcape2900to3680
train_647,westcape2900to3680
train_648,westcape2900to3680
train_649,westcape2900to3680
train_650,westcape2900to3680
train_651,westcape2900to3680
train_652,westcape2900to3680
train_653,westcape2900to3680
train_654,westcape2900to3680
train_655,westcape2900to3680
train_656,westcape2900to3680
train_657,westcape2900to3680
train_658,westcape2900to3680
train_659,westcape2900to3680
train_660,westcape2900to3680
train_661,westcape2900to3680
train_662,westcape2900to3680
train_663,westcape2900to3680
train_664,westcape2900to3680
train_665,westcape2900to3680
train_666,westcape2900to3680
train_667,westcape2900to3680
train_668,westcape2900to3680
train_669,westcape2900to3680
train_670,westcape2900to3680
train_671,westcape2900to3680
train_672,westcape2900to3680
train_673,westcape2900to3680
train_674,westcape2900to3680
train_675,westcape2900to3680
train_676,westcape2900to3680
train_677,westcape2900to3680
train_678,westcape2900to3680
train_679,westcape2900to3680
train_680,westcape2900to3680
train_681,westcape2900to3680
train_682,westcape2900to3680
train_683,westcape2900to3680
train_684,westcape2900to3680
train_685,westcape2900to3680
train_686,westcape2900to3680
train_687,westcape2900to3680
train_688,westcape2900to3680
train_689,westcape2900to3680
train_690,westcape2900to3680
train_691,westcape2900to3680
train_692,westcape2900to3680
train_693,westcape2900to3680
train_694,westcape2900to3680
train_695,westcape2900to3680
train_696,westcape2900to3680
train_697,westcape2900to3680
train_698,westcape2900to3680
train_699,westcape2900to3680
train_700,westcape2900to3680
train_701,westcape2900to3680
train_702,westcape2900to3680
train_703,westcape2900to3680
train_704,westcape2900to3680
train_705,westcape2900to3680
train_706,westcape2900to3680
train_707,westcape2900to3680
train_708,westcape2900to3680
train_709,westcape2900to3680
train_710,westcape2900to3680
train_711,westcape2900to3680
train_712,westcape2900to3680
train_713,westcape2900to3680
train_714,westcape2900to3680
train_715,westcape2900to3680
train_716,westcape2900to3680
train_717,westcape2900to3680
train_718,westcape2900to3680
train_719,westcape2900to3680
train_720,westcape2900to3680
train_721,westcape2900to3680
train_722,westcape2900to3680
train_723,westcape2900to3680
train_724,westcape2900to3680
train_725,westcape2900to3680
train_726,westcape2900to3680
train_727,westcape2900to3680
train_728,westcape2900to3680
train_729,westcape2900to3680
train_730,westcape2900to3680
train_731,westcape2900to3680
train_732,westcape2900to3680
train_733,westcape2900to3680
train_734,westcape2900to3680
train_735,westcape2900to3680
train_736,westcape2900to3680
train_737,westcape2900to3680
train_738,westcape2900to3680
train_739,westcape2900to3680
train_740,westcape2900to3680
train_741,westcape2900to3680
train_742,westcape2900to3680
train_743,westcape2900to3680
train_744,westcape2900to3680
train_745,westcape2900to3680
train_746,westcape2900to3680
train_747,westcape2900to3680
train_748,westcape2900to3680
train_749,westcape2900to3680
train_750,westcape2900to3680
train_751,westcape2900to3680
train_752,westcape2900to3680
train_753,westcape2900to3680
train_754,westcape2900to3680
train_755,westcape2900to3680
train_756,westcape2900to3680
train_757,westcape2900to3680
train_758,westcape2900to3680
train_759,westcape2900to3680
train_760,westcape2900to3680
train_761,westcape2900to3680
train_762,westcape2900to3680
train_763,westcape2900to3680
train_764,westcape2900to3680
train_765,westcape2900to3680
train_766,westcape2900to3680
train_767,westcape2900to3680
train_768,westcape2900to3680
train_769,westcape2900to3680
train_770,westcape2900to3680
train_771,westcape2900to3680
train_772,westcape2900to3680
train_773,westcape2900to3680
train_774,westcape2900to3680
train_775,westcape2900to3680
train_776,westcape2900to3680
train_777,westcape2900to3680
train_778,westcape2900to3680
train_779,westcape2900to3680
train_780,westcape2900to3680
train_781,westcape2900to3680
train_782,westcape2900to3680
train_783,westcape2900to3680
train_784,westcape2900to3680
